{
// tasks.json 形式の詳細についての資料は、
  // https://go.microsoft.com/fwlink/?LinkId=733558 をご覧ください
  "version": "2.0.0",
  "tasks": [
    {
      "type": "npm",
      "script": "install",
      "problemMatcher": []
    },
    {
      "label": "echo test",
      "type": "shell",
      "command": "echo",
      "group": "test",
      "args": [
        "hello"
      ]
    },
    {
      "label": "1secSleep",
      "type": "shell",
      "command": "sleep",
      "group": "test",
      "args": [
        "3"
      ]
    },
    {
      "type": "npm",
      "script": "testAlbumContentWatch",
      "problemMatcher": []
    },
    {
      "label": "old-bookrack-accessor-build",
      "type": "shell",
      "command": "npm",
      "group": "build",
      "args": [
        "run",
        "buildThenInstall"
      ],
      "options": {
        "cwd": "${workspaceRoot}/node_modules/old-goyo-bookrack-accessor"
      },
      "problemMatcher": [
        "$node-sass"
      ]
    },
    {
      "label": "bookrack-accessor-build",
      "type": "shell",
      "command": "npm",
      "group": "build",
      "args": [
        "run",
        "buildThenInstall"
      ],
      "options": {
        "cwd": "${workspaceRoot}/node_modules/goyo-bookrack-accessor"
      },
      "problemMatcher": [
        "$node-sass"
      ]
    },
    {
      "label": "npm run test",
      "type": "shell",
      "command": "npm",
      "group": "test",
      "args": [
        "run",
        "test"
      ],
      "problemMatcher": [
        "$node-sass"
      ]
    },
    {
      "label": "old-bookrack-accessor-postInstall",
      "type": "shell",
      "command": "npx",
      "group": "postInstall",
      "args": [
        "npm",
        "run",
        "postinstall"
      ],
      "options": {
        "cwd": "${workspaceRoot}/node_modules/old-goyo-bookrack-accessor"
      },
      "problemMatcher": [
        "$node-sass"
      ]
    },
    {
      "type": "npm",
      "script": "testConstruction",
      "problemMatcher": [
        "$node-sass"
      ]
    },
    {
      "type": "npm",
      "script": "testAlbumContent",
      "problemMatcher": [
        "$node-sass"
      ]
    },
    {
      "type": "npm",
      "script": "testOldList",
      "problemMatcher": [
        "$node-sass"
      ]
    },
    {
      "type": "npm",
      "script": "testMigration",
      "problemMatcher": [
        "$node-sass"
      ]
    }
  ]
}